Name,Semi_Major_AU,Eccentricity,Abs_Mag,Albedo
Khufu,.989537560450789,.4685174247283059,18.3,0.21
Orpheus,1.209662179045708,.3227518287938224,19.03,0.357
Zephyr,1.961922094181047,.4920120116291148,15.7,0.199
Cuno,1.982718743264263,.6342867024321133,14.1,0.097
Dionysus,2.19861623099639,.5415435918949166,16.4,0.16
